txId,userName,accountId,amount,currency,merchantId,merchantName,deviceId,ipAddress,date,status,isRealFraud
TX2-F290EFAA,user_16,ACC-122,231.71,MAD,M-005,Casino,DEV-6,192.168.1.9,2024-01-01T00:00:16,COMPLETED,0
TX2-DFA332A5,user_9,ACC-103,22.58,MAD,M-003,Jumia,DEV-5,192.168.1.7,2024-01-01T00:03:40,COMPLETED,0
TX2-5B4656D1,user_1,ACC-104,113.9,MAD,M-001,Amazon,DEV-1,192.168.1.3,2024-01-01T08:23:37,COMPLETED,1
TX2-29E291C0,user_17,ACC-103,58.0,MAD,M-002,Netflix,DEV-4,192.168.1.8,2024-01-01T00:02:19,COMPLETED,0
TX2-73A15935,user_16,ACC-113,160.0,MAD,M-001,Amazon,DEV-4,192.168.1.4,2024-01-01T00:04:47,COMPLETED,0
TX2-6DA1633E,user_7,ACC-104,25.8,MAD,M-003,Jumia,DEV-2,192.168.1.9,2024-01-01T00:01:48,COMPLETED,0
TX2-721AF302,user_2,ACC-102,10.0,MAD,M-004,Marjane,DEV-1,192.168.1.2,2024-01-01T09:40:51,COMPLETED,1
TX2-848E90F2,user_1,ACC-103,5290.0,MAD,M-001,Amazon,DEV-3,192.168.1.1,2024-01-01T02:07:52,COMPLETED,1
TX2-029501D9,user_20,ACC-123,15.99,MAD,M-002,Netflix,DEV-1,192.168.1.6,2024-01-01T00:00:12,COMPLETED,0
TX2-3A4FE2E1,user_10,ACC-109,32.77,MAD,M-004,Marjane,DEV-2,192.168.1.9,2024-01-01T00:03:14,COMPLETED,0
TX2-D69583E4,user_8,ACC-116,22.75,MAD,M-004,Marjane,DEV-4,192.168.1.3,2024-01-01T00:00:18,COMPLETED,0
TX2-7AD11B06,user_6,ACC-129,14.98,MAD,M-003,Jumia,DEV-3,192.168.1.7,2024-01-01T00:01:38,COMPLETED,0
TX2-FBBAABD6,user_7,ACC-105,8.93,MAD,M-002,Netflix,DEV-3,192.168.1.5,2024-01-01T00:02:04,COMPLETED,0
TX2-1F425ED6,user_2,ACC-124,1.18,MAD,M-003,Jumia,DEV-2,192.168.1.7,2024-01-01T00:01:14,COMPLETED,0
TX2-6D340CCB,user_14,ACC-105,71.69,MAD,M-004,Marjane,DEV-3,192.168.1.1,2024-01-01T00:02:51,COMPLETED,0
TX2-A01C4070,user_1,ACC-107,1048.1,MAD,M-004,Marjane,DEV-3,192.168.1.3,2024-01-01T12:34:12,COMPLETED,1
TX2-190118BF,user_16,ACC-104,40.0,MAD,M-001,Amazon,DEV-7,192.168.1.3,2024-01-01T00:02:03,COMPLETED,0
TX2-62FCB5FA,user_4,ACC-101,15.2,MAD,M-005,Casino,DEV-2,192.168.1.2,2024-01-01T12:35:21,COMPLETED,1
TX2-7EA969AC,user_4,ACC-105,999.9,MAD,M-004,Marjane,DEV-2,192.168.1.2,2024-01-01T09:57:38,COMPLETED,1
TX2-5F092225,user_11,ACC-104,0.89,MAD,M-001,Amazon,DEV-3,192.168.1.8,2024-01-01T00:00:13,COMPLETED,0
TX2-4414FF03,user_13,ACC-108,70.33,MAD,M-001,Amazon,DEV-2,192.168.1.1,2024-01-01T00:04:35,COMPLETED,0
TX2-FB082925,user_18,ACC-119,21.97,MAD,M-002,Netflix,DEV-7,192.168.1.7,2024-01-01T00:01:24,COMPLETED,0
TX2-2B3B7406,user_17,ACC-118,13.84,MAD,M-005,Casino,DEV-3,192.168.1.7,2024-01-01T00:00:40,COMPLETED,0
TX2-272BC095,user_4,ACC-105,10.0,MAD,M-004,Marjane,DEV-2,192.168.1.1,2024-01-01T06:20:15,COMPLETED,1
TX2-A99EB92F,user_18,ACC-127,159.0,MAD,M-004,Marjane,DEV-1,192.168.1.8,2024-01-01T00:01:38,COMPLETED,0
TX2-E22D7C13,user_3,ACC-109,9.99,MAD,M-003,Jumia,DEV-4,192.168.1.6,2024-01-01T00:00:34,COMPLETED,0
TX2-A327AAFD,user_17,ACC-114,37.89,MAD,M-003,Jumia,DEV-7,192.168.1.9,2024-01-01T00:01:57,COMPLETED,0
TX2-F65B62CC,user_19,ACC-112,1.0,MAD,M-002,Netflix,DEV-5,192.168.1.2,2024-01-01T00:04:25,COMPLETED,0
TX2-3BD3E048,user_19,ACC-107,48.0,MAD,M-003,Jumia,DEV-1,192.168.1.8,2024-01-01T00:03:00,COMPLETED,0
TX2-5659FCC6,user_6,ACC-114,22.37,MAD,M-002,Netflix,DEV-5,192.168.1.6,2024-01-01T00:02:15,COMPLETED,0
TX2-71F59BAD,user_9,ACC-124,0.0,MAD,M-004,Marjane,DEV-4,192.168.1.1,2024-01-01T00:04:42,COMPLETED,0
TX2-AA27DA77,user_7,ACC-117,13.95,MAD,M-002,Netflix,DEV-1,192.168.1.1,2024-01-01T00:01:50,COMPLETED,0
TX2-7E39550C,user_3,ACC-108,7171.5,MAD,M-002,Netflix,DEV-3,192.168.1.1,2024-01-01T12:05:45,COMPLETED,1
TX2-79A5E6F2,user_2,ACC-107,999.9,MAD,M-003,Jumia,DEV-1,192.168.1.3,2024-01-01T10:28:19,COMPLETED,1
TX2-59F620B9,user_6,ACC-129,0.78,MAD,M-003,Jumia,DEV-7,192.168.1.5,2024-01-01T00:01:09,COMPLETED,0
TX2-913DAA6E,user_3,ACC-108,190.2,MAD,M-003,Jumia,DEV-2,192.168.1.2,2024-01-01T12:38:07,COMPLETED,1
TX2-87DF0625,user_6,ACC-129,26.72,MAD,M-003,Jumia,DEV-3,192.168.1.9,2024-01-01T00:00:48,COMPLETED,0
TX2-24EC3830,user_6,ACC-130,75.83,MAD,M-002,Netflix,DEV-6,192.168.1.6,2024-01-01T00:03:03,COMPLETED,0
TX2-96AD926C,user_11,ACC-128,5.0,MAD,M-005,Casino,DEV-7,192.168.1.7,2024-01-01T00:00:15,COMPLETED,0
TX2-63CD9107,user_7,ACC-110,127.69,MAD,M-003,Jumia,DEV-4,192.168.1.1,2024-01-01T00:02:34,COMPLETED,0
TX2-53850E56,user_6,ACC-109,11.0,MAD,M-005,Casino,DEV-2,192.168.1.7,2024-01-01T00:02:20,COMPLETED,0
TX2-B1F6F688,user_13,ACC-119,13.84,MAD,M-004,Marjane,DEV-5,192.168.1.6,2024-01-01T00:00:39,COMPLETED,0
TX2-2A060599,user_1,ACC-130,11.83,MAD,M-005,Casino,DEV-5,192.168.1.9,2024-01-01T00:01:17,COMPLETED,0
TX2-365EEC77,user_1,ACC-126,6.74,MAD,M-003,Jumia,DEV-5,192.168.1.3,2024-01-01T00:02:25,COMPLETED,0
TX2-A53EAC4A,user_10,ACC-100,1.98,MAD,M-004,Marjane,DEV-6,192.168.1.6,2024-01-01T00:04:21,COMPLETED,0
TX2-BAD96A35,user_3,ACC-106,1796.6,MAD,M-005,Casino,DEV-2,192.168.1.3,2024-01-01T06:26:33,COMPLETED,1
TX2-2B19B113,user_19,ACC-106,21.55,MAD,M-005,Casino,DEV-5,192.168.1.8,2024-01-01T00:00:44,COMPLETED,0
TX2-E918ADF8,user_12,ACC-119,52.95,MAD,M-004,Marjane,DEV-3,192.168.1.3,2024-01-01T00:04:30,COMPLETED,0
TX2-0DBC1865,user_14,ACC-117,79.18,MAD,M-005,Casino,DEV-6,192.168.1.1,2024-01-01T00:03:50,COMPLETED,0
TX2-FF841C8A,user_14,ACC-113,37.13,MAD,M-005,Casino,DEV-7,192.168.1.2,2024-01-01T00:01:29,COMPLETED,0
TX2-14792505,user_7,ACC-102,1.29,MAD,M-005,Casino,DEV-3,192.168.1.2,2024-01-01T00:02:52,COMPLETED,0
TX2-30ADF9F6,user_3,ACC-102,63.9,MAD,M-005,Casino,DEV-2,192.168.1.6,2024-01-01T00:03:16,COMPLETED,0
TX2-BF50CFE3,user_3,ACC-110,7.53,MAD,M-001,Amazon,DEV-6,192.168.1.8,2024-01-01T00:00:54,COMPLETED,0
TX2-28F9574C,user_12,ACC-118,12.99,MAD,M-001,Amazon,DEV-6,192.168.1.8,2024-01-01T00:03:25,COMPLETED,0
TX2-745700E1,user_16,ACC-122,526.96,MAD,M-003,Jumia,DEV-2,192.168.1.2,2024-01-01T00:03:31,COMPLETED,0
TX2-C3F1B183,user_8,ACC-130,9.79,MAD,M-004,Marjane,DEV-6,192.168.1.5,2024-01-01T00:00:50,COMPLETED,0
TX2-9709B0BE,user_2,ACC-106,10.0,MAD,M-002,Netflix,DEV-1,192.168.1.1,2024-01-01T04:14:50,COMPLETED,1
TX2-07D28779,user_15,ACC-102,0.89,MAD,M-001,Amazon,DEV-6,192.168.1.5,2024-01-01T00:04:31,COMPLETED,0
TX2-75611980,user_10,ACC-123,4.9,MAD,M-004,Marjane,DEV-6,192.168.1.6,2024-01-01T00:02:22,COMPLETED,0
TX2-FA3D169C,user_2,ACC-107,999.9,MAD,M-002,Netflix,DEV-1,192.168.1.1,2024-01-01T10:59:15,COMPLETED,1
TX2-A3DBBAFD,user_5,ACC-125,26.72,MAD,M-004,Marjane,DEV-6,192.168.1.7,2024-01-01T00:01:00,COMPLETED,0
TX2-9E71531B,user_13,ACC-106,0.99,MAD,M-002,Netflix,DEV-7,192.168.1.5,2024-01-01T00:04:19,COMPLETED,0
TX2-2B65D5F3,user_1,ACC-108,11.0,MAD,M-005,Casino,DEV-3,192.168.1.3,2024-01-01T04:26:48,COMPLETED,1
TX2-C69C5B68,user_1,ACC-100,7308.6,MAD,M-003,Jumia,DEV-1,192.168.1.2,2024-01-01T11:50:42,COMPLETED,1
TX2-37BD542F,user_10,ACC-102,1.0,MAD,M-002,Netflix,DEV-3,192.168.1.3,2024-01-01T00:01:45,COMPLETED,0
TX2-60F90A69,user_13,ACC-119,18.95,MAD,M-001,Amazon,DEV-6,192.168.1.9,2024-01-01T00:00:34,COMPLETED,0
TX2-7E9D5556,user_18,ACC-102,9.47,MAD,M-002,Netflix,DEV-1,192.168.1.8,2024-01-01T00:01:09,COMPLETED,0
TX2-88B4A1A7,user_14,ACC-107,5.9,MAD,M-001,Amazon,DEV-2,192.168.1.6,2024-01-01T00:01:22,COMPLETED,0
TX2-987176F6,user_11,ACC-128,13.99,MAD,M-005,Casino,DEV-7,192.168.1.1,2024-01-01T00:02:16,COMPLETED,0
TX2-63042EF8,user_3,ACC-113,919.6,MAD,M-002,Netflix,DEV-6,192.168.1.4,2024-01-01T00:01:27,COMPLETED,0
TX2-AE4B90E8,user_19,ACC-105,123.5,MAD,M-001,Amazon,DEV-3,192.168.1.1,2024-01-01T00:00:01,COMPLETED,0
TX2-F542F309,user_19,ACC-112,120.0,MAD,M-002,Netflix,DEV-5,192.168.1.4,2024-01-01T00:04:11,COMPLETED,0
TX2-FDEE10D0,user_16,ACC-100,120.96,MAD,M-004,Marjane,DEV-1,192.168.1.6,2024-01-01T00:00:39,COMPLETED,0
TX2-AA038AF3,user_19,ACC-106,109.15,MAD,M-004,Marjane,DEV-7,192.168.1.3,2024-01-01T00:04:40,COMPLETED,0
TX2-0DE2EFE9,user_4,ACC-108,999.9,MAD,M-002,Netflix,DEV-2,192.168.1.2,2024-01-01T11:58:46,COMPLETED,1
TX2-16C4FE3A,user_5,ACC-119,74.47,MAD,M-005,Casino,DEV-1,192.168.1.5,2024-01-01T00:04:49,COMPLETED,0
TX2-DFC82F0D,user_15,ACC-123,30.3,MAD,M-001,Amazon,DEV-6,192.168.1.7,2024-01-01T00:04:44,COMPLETED,0
TX2-7AFADCBA,user_8,ACC-127,58.8,MAD,M-005,Casino,DEV-7,192.168.1.1,2024-01-01T00:00:12,COMPLETED,0
TX2-AE25EE78,user_18,ACC-123,10.0,MAD,M-001,Amazon,DEV-2,192.168.1.5,2024-01-01T00:02:36,COMPLETED,0
TX2-14E28337,user_6,ACC-117,7.8,MAD,M-004,Marjane,DEV-5,192.168.1.3,2024-01-01T00:00:10,COMPLETED,0
TX2-5E0D4CCF,user_12,ACC-123,89.17,MAD,M-004,Marjane,DEV-6,192.168.1.6,2024-01-01T00:00:53,COMPLETED,0
TX2-2DC0DA41,user_14,ACC-103,9.12,MAD,M-005,Casino,DEV-7,192.168.1.7,2024-01-01T00:01:17,COMPLETED,0
TX2-AFD901EB,user_1,ACC-102,10.0,MAD,M-003,Jumia,DEV-1,192.168.1.1,2024-01-01T04:28:06,COMPLETED,1
TX2-A97DACF0,user_18,ACC-103,8.99,MAD,M-004,Marjane,DEV-6,192.168.1.5,2024-01-01T00:03:58,COMPLETED,0
TX2-F9AF5B7F,user_3,ACC-105,10.0,MAD,M-003,Jumia,DEV-3,192.168.1.1,2024-01-01T06:04:40,COMPLETED,1
TX2-316A291F,user_5,ACC-103,10.0,MAD,M-004,Marjane,DEV-7,192.168.1.3,2024-01-01T00:02:38,COMPLETED,0
TX2-3A333DFD,user_1,ACC-114,2.6,MAD,M-003,Jumia,DEV-5,192.168.1.8,2024-01-01T00:04:29,COMPLETED,0
TX2-04A141B3,user_17,ACC-123,79.91,MAD,M-004,Marjane,DEV-2,192.168.1.9,2024-01-01T00:01:23,COMPLETED,0
TX2-1CC5B078,user_17,ACC-121,1.79,MAD,M-004,Marjane,DEV-3,192.168.1.1,2024-01-01T00:03:12,COMPLETED,0
TX2-0CE689F6,user_1,ACC-103,10.0,MAD,M-002,Netflix,DEV-3,192.168.1.3,2024-01-01T09:01:02,COMPLETED,1
TX2-6D6B8391,user_8,ACC-110,30.9,MAD,M-005,Casino,DEV-1,192.168.1.4,2024-01-01T00:00:35,COMPLETED,0
TX2-2A1C58F5,user_20,ACC-116,2.31,MAD,M-004,Marjane,DEV-3,192.168.1.9,2024-01-01T00:04:43,COMPLETED,0
TX2-7AE91109,user_6,ACC-102,208.38,MAD,M-004,Marjane,DEV-7,192.168.1.8,2024-01-01T00:04:32,COMPLETED,0
TX2-30005AD0,user_13,ACC-107,69.0,MAD,M-003,Jumia,DEV-1,192.168.1.6,2024-01-01T00:01:35,COMPLETED,0
TX2-80F778BF,user_3,ACC-108,37.6,MAD,M-003,Jumia,DEV-1,192.168.1.3,2024-01-01T10:03:46,COMPLETED,1
TX2-E2E95C2E,user_1,ACC-107,135.51,MAD,M-002,Netflix,DEV-7,192.168.1.8,2024-01-01T00:00:49,COMPLETED,0
TX2-2E589148,user_20,ACC-127,127.75,MAD,M-003,Jumia,DEV-3,192.168.1.2,2024-01-01T00:03:10,COMPLETED,0
TX2-FD0A8983,user_5,ACC-110,1.98,MAD,M-005,Casino,DEV-1,192.168.1.8,2024-01-01T00:04:17,COMPLETED,0
TX2-A5E56D82,user_2,ACC-108,45.6,MAD,M-004,Marjane,DEV-1,192.168.1.3,2024-01-01T11:58:46,COMPLETED,1
TX2-146C53BD,user_2,ACC-102,6.8,MAD,M-004,Marjane,DEV-3,192.168.1.1,2024-01-01T10:15:53,COMPLETED,1
TX2-C5663382,user_3,ACC-114,268.78,MAD,M-002,Netflix,DEV-4,192.168.1.2,2024-01-01T00:01:32,COMPLETED,0
TX2-FC4023A4,user_20,ACC-102,1.0,MAD,M-005,Casino,DEV-7,192.168.1.3,2024-01-01T00:03:14,COMPLETED,0
TX2-C626590E,user_8,ACC-129,1142.02,MAD,M-002,Netflix,DEV-1,192.168.1.4,2024-01-01T00:00:59,COMPLETED,0
TX2-EBD74914,user_13,ACC-122,122.36,MAD,M-001,Amazon,DEV-6,192.168.1.1,2024-01-01T00:04:27,COMPLETED,0
TX2-E4CBCEFD,user_2,ACC-107,606.0,MAD,M-003,Jumia,DEV-2,192.168.1.1,2024-01-01T11:56:11,COMPLETED,1
TX2-F44CD190,user_3,ACC-129,149.9,MAD,M-003,Jumia,DEV-1,192.168.1.7,2024-01-01T00:00:59,COMPLETED,0
TX2-677E2930,user_8,ACC-112,318.5,MAD,M-005,Casino,DEV-7,192.168.1.1,2024-01-01T00:03:01,COMPLETED,0
TX2-1EC683A3,user_12,ACC-117,2.67,MAD,M-002,Netflix,DEV-7,192.168.1.7,2024-01-01T00:00:41,COMPLETED,0
TX2-E71BA7BF,user_13,ACC-103,2.69,MAD,M-003,Jumia,DEV-6,192.168.1.9,2024-01-01T00:04:02,COMPLETED,0
TX2-DE9DB742,user_5,ACC-101,12.31,MAD,M-001,Amazon,DEV-7,192.168.1.2,2024-01-01T00:04:01,COMPLETED,0
TX2-AAE05571,user_4,ACC-110,10.0,MAD,M-002,Netflix,DEV-3,192.168.1.1,2024-01-01T04:20:08,COMPLETED,1
TX2-66F37A5D,user_4,ACC-107,233.6,MAD,M-002,Netflix,DEV-2,192.168.1.3,2024-01-01T09:43:04,COMPLETED,1
TX2-5A05EE88,user_6,ACC-113,1.29,MAD,M-004,Marjane,DEV-1,192.168.1.5,2024-01-01T00:01:35,COMPLETED,0
TX2-3E7CDF2A,user_12,ACC-108,2.28,MAD,M-002,Netflix,DEV-5,192.168.1.9,2024-01-01T00:02:44,COMPLETED,0
TX2-6CCEA2B0,user_8,ACC-125,355.51,MAD,M-002,Netflix,DEV-2,192.168.1.2,2024-01-01T00:02:49,COMPLETED,0
TX2-AE5A01BE,user_1,ACC-108,999.9,MAD,M-001,Amazon,DEV-1,192.168.1.3,2024-01-01T09:58:12,COMPLETED,1
TX2-82BEAD3C,user_20,ACC-101,2.99,MAD,M-002,Netflix,DEV-6,192.168.1.6,2024-01-01T00:01:32,COMPLETED,0
TX2-A1604931,user_5,ACC-112,113.0,MAD,M-005,Casino,DEV-3,192.168.1.9,2024-01-01T00:02:05,COMPLETED,0
TX2-A88BC829,user_18,ACC-104,61.18,MAD,M-004,Marjane,DEV-3,192.168.1.1,2024-01-01T00:03:19,COMPLETED,0
TX2-24CAF0C4,user_19,ACC-106,25.36,MAD,M-002,Netflix,DEV-1,192.168.1.3,2024-01-01T00:03:41,COMPLETED,0
TX2-31C65D12,user_8,ACC-121,0.89,MAD,M-004,Marjane,DEV-3,192.168.1.9,2024-01-01T00:03:16,COMPLETED,0
TX2-87F48695,user_16,ACC-108,18.96,MAD,M-005,Casino,DEV-3,192.168.1.1,2024-01-01T00:03:40,COMPLETED,0
TX2-8BA31CDD,user_8,ACC-127,137.0,MAD,M-002,Netflix,DEV-1,192.168.1.3,2024-01-01T00:01:55,COMPLETED,0
TX2-70AEA693,user_16,ACC-108,34.7,MAD,M-005,Casino,DEV-7,192.168.1.4,2024-01-01T00:01:04,COMPLETED,0
TX2-4B7A9D74,user_10,ACC-127,86.43,MAD,M-001,Amazon,DEV-2,192.168.1.4,2024-01-01T00:01:16,COMPLETED,0
TX2-C97767CE,user_5,ACC-101,18096.8,MAD,M-005,Casino,DEV-3,192.168.1.3,2024-01-01T04:31:04,COMPLETED,1
TX2-47749534,user_5,ACC-126,44.2,MAD,M-001,Amazon,DEV-1,192.168.1.3,2024-01-01T00:02:47,COMPLETED,0
TX2-5148F355,user_20,ACC-109,6.24,MAD,M-003,Jumia,DEV-3,192.168.1.7,2024-01-01T00:02:04,COMPLETED,0
TX2-99377A7B,user_10,ACC-129,9.1,MAD,M-002,Netflix,DEV-7,192.168.1.2,2024-01-01T00:00:33,COMPLETED,0
TX2-91CF55DB,user_11,ACC-105,2.69,MAD,M-002,Netflix,DEV-4,192.168.1.5,2024-01-01T00:01:58,COMPLETED,0
TX2-D18DCA3C,user_3,ACC-105,17.28,MAD,M-005,Casino,DEV-7,192.168.1.2,2024-01-01T00:00:24,COMPLETED,0
TX2-F6A18275,user_8,ACC-119,15.89,MAD,M-005,Casino,DEV-6,192.168.1.7,2024-01-01T00:01:31,COMPLETED,0
TX2-54B614AE,user_1,ACC-111,34.13,MAD,M-004,Marjane,DEV-5,192.168.1.5,2024-01-01T00:00:41,COMPLETED,0
TX2-540C13D0,user_8,ACC-108,31.8,MAD,M-001,Amazon,DEV-1,192.168.1.6,2024-01-01T00:04:11,COMPLETED,0
TX2-FB44CCC7,user_19,ACC-129,3828.04,MAD,M-003,Jumia,DEV-7,192.168.1.9,2024-01-01T00:01:43,COMPLETED,0
TX2-47C9CF73,user_2,ACC-106,590.0,MAD,M-004,Marjane,DEV-3,192.168.1.1,2024-01-01T03:56:26,COMPLETED,1
TX2-512137BA,user_10,ACC-123,137.3,MAD,M-003,Jumia,DEV-5,192.168.1.1,2024-01-01T00:03:24,COMPLETED,0
TX2-082DA250,user_7,ACC-124,82.29,MAD,M-004,Marjane,DEV-1,192.168.1.3,2024-01-01T00:01:57,COMPLETED,0
TX2-A9615FF1,user_4,ACC-100,10.0,MAD,M-004,Marjane,DEV-2,192.168.1.1,2024-01-01T09:33:31,COMPLETED,1
TX2-71D61FFE,user_4,ACC-105,11.99,MAD,M-001,Amazon,DEV-1,192.168.1.4,2024-01-01T00:01:25,COMPLETED,0
TX2-17DF8805,user_9,ACC-118,8.8,MAD,M-003,Jumia,DEV-2,192.168.1.2,2024-01-01T00:02:08,COMPLETED,0
TX2-EFC9CB81,user_20,ACC-101,5.99,MAD,M-004,Marjane,DEV-6,192.168.1.9,2024-01-01T00:04:31,COMPLETED,0
TX2-4A940175,user_16,ACC-110,0.89,MAD,M-004,Marjane,DEV-7,192.168.1.5,2024-01-01T00:02:27,COMPLETED,0
TX2-2161A8B4,user_15,ACC-101,65.26,MAD,M-004,Marjane,DEV-5,192.168.1.2,2024-01-01T00:02:44,COMPLETED,0
TX2-9027CA3E,user_8,ACC-114,18.31,MAD,M-005,Casino,DEV-2,192.168.1.5,2024-01-01T00:01:18,COMPLETED,0
TX2-93E0654D,user_12,ACC-116,99.82,MAD,M-001,Amazon,DEV-4,192.168.1.5,2024-01-01T00:03:41,COMPLETED,0
TX2-5EAF3CA3,user_5,ACC-114,148.81,MAD,M-001,Amazon,DEV-4,192.168.1.9,2024-01-01T00:02:18,COMPLETED,0
TX2-E3EC41C3,user_12,ACC-116,16.0,MAD,M-003,Jumia,DEV-1,192.168.1.4,2024-01-01T00:00:23,COMPLETED,0
TX2-883FB8FD,user_1,ACC-129,1.18,MAD,M-003,Jumia,DEV-5,192.168.1.3,2024-01-01T00:01:14,COMPLETED,0
TX2-355A899E,user_2,ACC-103,10.0,MAD,M-002,Netflix,DEV-2,192.168.1.1,2024-01-01T04:27:58,COMPLETED,1
TX2-C810D8DA,user_8,ACC-126,14.9,MAD,M-001,Amazon,DEV-3,192.168.1.7,2024-01-01T00:04:26,COMPLETED,0
TX2-D12CB79E,user_4,ACC-108,999.9,MAD,M-004,Marjane,DEV-3,192.168.1.1,2024-01-01T10:00:54,COMPLETED,1
TX2-9E13B59C,user_5,ACC-112,27.5,MAD,M-005,Casino,DEV-4,192.168.1.8,2024-01-01T00:00:11,COMPLETED,0
TX2-099729B7,user_16,ACC-108,1.0,MAD,M-001,Amazon,DEV-4,192.168.1.5,2024-01-01T00:04:44,COMPLETED,0
TX2-237F0F8F,user_7,ACC-119,20.7,MAD,M-003,Jumia,DEV-6,192.168.1.4,2024-01-01T00:03:10,COMPLETED,0
TX2-7D59776D,user_19,ACC-106,165.55,MAD,M-005,Casino,DEV-4,192.168.1.2,2024-01-01T00:02:05,COMPLETED,0
TX2-63A9DDE4,user_6,ACC-129,6.47,MAD,M-005,Casino,DEV-6,192.168.1.7,2024-01-01T00:04:29,COMPLETED,0
TX2-1576D0B6,user_10,ACC-125,9.99,MAD,M-001,Amazon,DEV-3,192.168.1.2,2024-01-01T00:01:43,COMPLETED,0
TX2-B263EFA5,user_15,ACC-122,104.94,MAD,M-004,Marjane,DEV-3,192.168.1.8,2024-01-01T00:01:18,COMPLETED,0
TX2-70940C1B,user_12,ACC-119,200.01,MAD,M-005,Casino,DEV-1,192.168.1.4,2024-01-01T00:00:55,COMPLETED,0
TX2-0C0DC030,user_16,ACC-104,0.99,MAD,M-001,Amazon,DEV-5,192.168.1.1,2024-01-01T00:00:35,COMPLETED,0
TX2-3A3D272E,user_4,ACC-106,999.9,MAD,M-004,Marjane,DEV-1,192.168.1.2,2024-01-01T09:57:05,COMPLETED,1
TX2-7CFBBD5B,user_15,ACC-106,2.28,MAD,M-002,Netflix,DEV-7,192.168.1.7,2024-01-01T00:04:27,COMPLETED,0
TX2-4E2DEBFA,user_17,ACC-103,11.45,MAD,M-005,Casino,DEV-2,192.168.1.5,2024-01-01T00:00:46,COMPLETED,0
TX2-2A860B47,user_18,ACC-129,5.99,MAD,M-003,Jumia,DEV-4,192.168.1.7,2024-01-01T00:01:02,COMPLETED,0
TX2-7FC4A687,user_5,ACC-106,5.46,MAD,M-002,Netflix,DEV-7,192.168.1.4,2024-01-01T00:04:20,COMPLETED,0
TX2-8107386B,user_5,ACC-106,2.69,MAD,M-004,Marjane,DEV-2,192.168.1.1,2024-01-01T00:01:08,COMPLETED,0
TX2-C2B0B629,user_11,ACC-107,10.0,MAD,M-003,Jumia,DEV-4,192.168.1.1,2024-01-01T00:02:12,COMPLETED,0
TX2-B7BF42D7,user_14,ACC-122,4.45,MAD,M-005,Casino,DEV-3,192.168.1.5,2024-01-01T00:00:25,COMPLETED,0
TX2-FC124AF4,user_5,ACC-104,190.2,MAD,M-001,Amazon,DEV-2,192.168.1.3,2024-01-01T11:30:56,COMPLETED,1
TX2-C9DE4542,user_5,ACC-109,10.0,MAD,M-001,Amazon,DEV-1,192.168.1.1,2024-01-01T07:50:46,COMPLETED,1
TX2-9EC56A5D,user_3,ACC-110,999.9,MAD,M-004,Marjane,DEV-3,192.168.1.1,2024-01-01T10:27:13,COMPLETED,1
TX2-FA4861C7,user_3,ACC-112,71.26,MAD,M-001,Amazon,DEV-2,192.168.1.4,2024-01-01T00:02:33,COMPLETED,0
TX2-FE484030,user_12,ACC-130,0.89,MAD,M-005,Casino,DEV-2,192.168.1.2,2024-01-01T00:00:22,COMPLETED,0
TX2-B3FA826C,user_8,ACC-100,14.8,MAD,M-004,Marjane,DEV-4,192.168.1.1,2024-01-01T00:00:33,COMPLETED,0
TX2-FBF61DE6,user_7,ACC-109,67.3,MAD,M-002,Netflix,DEV-6,192.168.1.1,2024-01-01T00:01:24,COMPLETED,0
TX2-17D9A974,user_19,ACC-106,6.14,MAD,M-003,Jumia,DEV-6,192.168.1.2,2024-01-01T00:00:26,COMPLETED,0
TX2-99D8B116,user_14,ACC-114,20.0,MAD,M-003,Jumia,DEV-6,192.168.1.4,2024-01-01T00:01:58,COMPLETED,0
TX2-B88BDA72,user_3,ACC-115,34.0,MAD,M-005,Casino,DEV-6,192.168.1.5,2024-01-01T00:03:45,COMPLETED,0
TX2-CE9DE0C4,user_12,ACC-112,226.07,MAD,M-003,Jumia,DEV-5,192.168.1.7,2024-01-01T00:02:17,COMPLETED,0
TX2-83B6C111,user_18,ACC-128,1.0,MAD,M-004,Marjane,DEV-6,192.168.1.8,2024-01-01T00:01:13,COMPLETED,0
TX2-DCE79A69,user_14,ACC-123,1.54,MAD,M-001,Amazon,DEV-7,192.168.1.4,2024-01-01T00:02:07,COMPLETED,0
TX2-A9026B73,user_3,ACC-109,999.9,MAD,M-002,Netflix,DEV-3,192.168.1.1,2024-01-01T11:33:39,COMPLETED,1
TX2-E27AB27A,user_20,ACC-129,1.79,MAD,M-001,Amazon,DEV-2,192.168.1.1,2024-01-01T00:02:38,COMPLETED,0
TX2-113A7644,user_11,ACC-119,22.99,MAD,M-002,Netflix,DEV-4,192.168.1.4,2024-01-01T00:02:33,COMPLETED,0
TX2-ECA19AC6,user_4,ACC-110,303.0,MAD,M-004,Marjane,DEV-2,192.168.1.3,2024-01-01T11:16:25,COMPLETED,1
TX2-CA839091,user_3,ACC-123,6.54,MAD,M-002,Netflix,DEV-4,192.168.1.8,2024-01-01T00:04:48,COMPLETED,0
TX2-52E58A6E,user_15,ACC-123,59.9,MAD,M-005,Casino,DEV-7,192.168.1.5,2024-01-01T00:00:44,COMPLETED,0
TX2-26810CF4,user_5,ACC-125,149.62,MAD,M-004,Marjane,DEV-5,192.168.1.7,2024-01-01T00:00:00,COMPLETED,0
TX2-E6754104,user_8,ACC-120,84.39,MAD,M-005,Casino,DEV-6,192.168.1.9,2024-01-01T00:01:39,COMPLETED,0
TX2-D4690B19,user_4,ACC-101,999.9,MAD,M-003,Jumia,DEV-1,192.168.1.1,2024-01-01T11:33:07,COMPLETED,1
TX2-93235D5C,user_11,ACC-107,937.69,MAD,M-005,Casino,DEV-3,192.168.1.1,2024-01-01T00:01:33,COMPLETED,0
TX2-28D8D878,user_20,ACC-125,15.99,MAD,M-002,Netflix,DEV-5,192.168.1.1,2024-01-01T00:00:34,COMPLETED,0
TX2-4A83623B,user_6,ACC-108,41.88,MAD,M-004,Marjane,DEV-6,192.168.1.7,2024-01-01T00:00:23,COMPLETED,0
TX2-05F6D0BD,user_2,ACC-108,91.3,MAD,M-005,Casino,DEV-1,192.168.1.1,2024-01-01T13:58:26,COMPLETED,1
TX2-1A90D4CE,user_2,ACC-109,189.6,MAD,M-002,Netflix,DEV-2,192.168.1.1,2024-01-01T13:37:14,COMPLETED,1
TX2-AB3FA7EE,user_8,ACC-120,3.63,MAD,M-004,Marjane,DEV-2,192.168.1.3,2024-01-01T00:00:47,COMPLETED,0
TX2-37D61A0A,user_12,ACC-106,5.97,MAD,M-004,Marjane,DEV-4,192.168.1.8,2024-01-01T00:02:10,COMPLETED,0
TX2-B6025DCE,user_4,ACC-124,20.22,MAD,M-004,Marjane,DEV-4,192.168.1.4,2024-01-01T00:00:56,COMPLETED,0
TX2-9FD3B36B,user_16,ACC-111,17.24,MAD,M-002,Netflix,DEV-2,192.168.1.1,2024-01-01T00:03:42,COMPLETED,0
TX2-F25FAB32,user_6,ACC-112,35.97,MAD,M-001,Amazon,DEV-7,192.168.1.4,2024-01-01T00:01:45,COMPLETED,0
TX2-F3CF57A7,user_6,ACC-123,230.0,MAD,M-004,Marjane,DEV-4,192.168.1.5,2024-01-01T00:02:04,COMPLETED,0
TX2-D9EFB4AD,user_4,ACC-102,1.77,MAD,M-001,Amazon,DEV-5,192.168.1.4,2024-01-01T00:00:26,COMPLETED,0
TX2-13DABD9C,user_3,ACC-100,10.0,MAD,M-004,Marjane,DEV-1,192.168.1.1,2024-01-01T06:52:00,COMPLETED,1
TX2-C9004D1C,user_6,ACC-125,49.95,MAD,M-004,Marjane,DEV-3,192.168.1.5,2024-01-01T00:01:17,COMPLETED,0
TX2-376F2E72,user_1,ACC-107,10.0,MAD,M-005,Casino,DEV-1,192.168.1.2,2024-01-01T05:05:51,COMPLETED,1
TX2-8CAA640C,user_3,ACC-105,999.9,MAD,M-003,Jumia,DEV-3,192.168.1.2,2024-01-01T11:49:03,COMPLETED,1
TX2-7BE82729,user_2,ACC-121,1.19,MAD,M-002,Netflix,DEV-3,192.168.1.5,2024-01-01T00:03:29,COMPLETED,0
TX2-E8581B90,user_2,ACC-101,999.9,MAD,M-001,Amazon,DEV-3,192.168.1.1,2024-01-01T10:32:43,COMPLETED,1
TX2-F7CDB166,user_5,ACC-109,76.1,MAD,M-002,Netflix,DEV-1,192.168.1.2,2024-01-01T11:57:46,COMPLETED,1
TX2-F8EE9D4D,user_12,ACC-108,46.8,MAD,M-003,Jumia,DEV-1,192.168.1.6,2024-01-01T00:00:14,COMPLETED,0
TX2-CE0ECF4E,user_6,ACC-104,224.97,MAD,M-005,Casino,DEV-6,192.168.1.1,2024-01-01T00:03:03,COMPLETED,0
TX2-D1E2906D,user_6,ACC-127,35.0,MAD,M-004,Marjane,DEV-2,192.168.1.5,2024-01-01T00:00:46,COMPLETED,0
TX2-6CAA0F37,user_6,ACC-130,101.0,MAD,M-003,Jumia,DEV-6,192.168.1.2,2024-01-01T00:03:26,COMPLETED,0
TX2-D0311BB4,user_17,ACC-125,0.99,MAD,M-002,Netflix,DEV-4,192.168.1.7,2024-01-01T00:00:37,COMPLETED,0
TX2-31B379C0,user_9,ACC-104,21.8,MAD,M-003,Jumia,DEV-6,192.168.1.4,2024-01-01T00:01:10,COMPLETED,0
TX2-F7257A3E,user_14,ACC-129,156.98,MAD,M-005,Casino,DEV-5,192.168.1.8,2024-01-01T00:04:48,COMPLETED,0
TX2-A43891FF,user_3,ACC-102,10.0,MAD,M-001,Amazon,DEV-3,192.168.1.3,2024-01-01T09:06:39,COMPLETED,1
TX2-028A62F4,user_5,ACC-101,39.3,MAD,M-003,Jumia,DEV-3,192.168.1.2,2024-01-01T07:47:10,COMPLETED,1
TX2-5353002F,user_14,ACC-124,378.66,MAD,M-001,Amazon,DEV-1,192.168.1.7,2024-01-01T00:00:01,COMPLETED,0
TX2-0412C005,user_16,ACC-100,23.27,MAD,M-003,Jumia,DEV-2,192.168.1.2,2024-01-01T00:01:43,COMPLETED,0
TX2-FDF85416,user_3,ACC-106,10.0,MAD,M-003,Jumia,DEV-1,192.168.1.3,2024-01-01T08:29:22,COMPLETED,1
TX2-9DAF385B,user_10,ACC-127,27.0,MAD,M-001,Amazon,DEV-4,192.168.1.3,2024-01-01T00:04:42,COMPLETED,0
TX2-AEC7E3E1,user_8,ACC-101,12.99,MAD,M-001,Amazon,DEV-1,192.168.1.7,2024-01-01T00:03:38,COMPLETED,0
TX2-0B59DD77,user_4,ACC-107,0.0,MAD,M-003,Jumia,DEV-3,192.168.1.3,2024-01-01T03:06:46,COMPLETED,1
TX2-BB05915A,user_5,ACC-101,999.9,MAD,M-005,Casino,DEV-2,192.168.1.3,2024-01-01T09:28:51,COMPLETED,1
TX2-28CD7FDE,user_6,ACC-119,1.29,MAD,M-001,Amazon,DEV-2,192.168.1.7,2024-01-01T00:02:35,COMPLETED,0
TX2-01D82789,user_19,ACC-114,21.66,MAD,M-003,Jumia,DEV-4,192.168.1.5,2024-01-01T00:00:48,COMPLETED,0
TX2-BFADBE0C,user_3,ACC-106,10.0,MAD,M-001,Amazon,DEV-2,192.168.1.2,2024-01-01T05:42:03,COMPLETED,1
TX2-9511FCF6,user_15,ACC-124,49.99,MAD,M-003,Jumia,DEV-2,192.168.1.1,2024-01-01T00:04:23,COMPLETED,0
TX2-8C09BB0D,user_8,ACC-116,121.5,MAD,M-004,Marjane,DEV-4,192.168.1.8,2024-01-01T00:00:10,COMPLETED,0
TX2-6192A01F,user_8,ACC-116,500.0,MAD,M-005,Casino,DEV-4,192.168.1.5,2024-01-01T00:02:36,COMPLETED,0
TX2-332772BB,user_7,ACC-116,184.31,MAD,M-005,Casino,DEV-1,192.168.1.4,2024-01-01T00:02:36,COMPLETED,0
TX2-7287D664,user_8,ACC-115,94.5,MAD,M-002,Netflix,DEV-3,192.168.1.1,2024-01-01T00:04:43,COMPLETED,0
TX2-48278AED,user_5,ACC-110,999.9,MAD,M-005,Casino,DEV-3,192.168.1.1,2024-01-01T09:27:43,COMPLETED,1
TX2-178D9452,user_7,ACC-129,23.63,MAD,M-003,Jumia,DEV-6,192.168.1.3,2024-01-01T00:03:00,COMPLETED,0
TX2-EA924522,user_15,ACC-100,59.99,MAD,M-002,Netflix,DEV-4,192.168.1.1,2024-01-01T00:00:49,COMPLETED,0
TX2-25EE6A80,user_4,ACC-107,89.4,MAD,M-003,Jumia,DEV-7,192.168.1.8,2024-01-01T00:01:00,COMPLETED,0
TX2-B077F878,user_12,ACC-126,6.54,MAD,M-005,Casino,DEV-1,192.168.1.6,2024-01-01T00:00:29,COMPLETED,0
TX2-C692BC9F,user_13,ACC-129,142.71,MAD,M-005,Casino,DEV-7,192.168.1.3,2024-01-01T00:01:39,COMPLETED,0
TX2-A37B6378,user_19,ACC-108,2.28,MAD,M-001,Amazon,DEV-5,192.168.1.4,2024-01-01T00:00:18,COMPLETED,0
TX2-CAAE70DD,user_15,ACC-121,10.35,MAD,M-004,Marjane,DEV-4,192.168.1.3,2024-01-01T00:04:26,COMPLETED,0
TX2-C26D638C,user_3,ACC-123,7.55,MAD,M-003,Jumia,DEV-1,192.168.1.7,2024-01-01T00:01:04,COMPLETED,0
TX2-A48891E9,user_2,ACC-124,4.81,MAD,M-003,Jumia,DEV-6,192.168.1.2,2024-01-01T00:04:01,COMPLETED,0
TX2-79D60A5A,user_5,ACC-116,0.76,MAD,M-005,Casino,DEV-7,192.168.1.9,2024-01-01T00:01:09,COMPLETED,0
TX2-DB78DE1C,user_16,ACC-101,15.93,MAD,M-004,Marjane,DEV-1,192.168.1.8,2024-01-01T00:02:10,COMPLETED,0
TX2-0C067DFD,user_15,ACC-106,12.99,MAD,M-004,Marjane,DEV-4,192.168.1.2,2024-01-01T00:03:30,COMPLETED,0
TX2-91E7A638,user_6,ACC-103,124.67,MAD,M-001,Amazon,DEV-5,192.168.1.5,2024-01-01T00:01:25,COMPLETED,0
TX2-EDC6C617,user_15,ACC-108,32.51,MAD,M-002,Netflix,DEV-2,192.168.1.9,2024-01-01T00:03:57,COMPLETED,0
TX2-833636F0,user_2,ACC-103,144.6,MAD,M-005,Casino,DEV-2,192.168.1.2,2024-01-01T13:59:02,COMPLETED,1
TX2-9FDA7C83,user_6,ACC-114,4.99,MAD,M-002,Netflix,DEV-3,192.168.1.8,2024-01-01T00:01:24,COMPLETED,0
TX2-09326C00,user_12,ACC-104,20.17,MAD,M-005,Casino,DEV-2,192.168.1.7,2024-01-01T00:04:19,COMPLETED,0
TX2-22A58A63,user_6,ACC-128,5.96,MAD,M-002,Netflix,DEV-5,192.168.1.1,2024-01-01T00:04:10,COMPLETED,0
TX2-E4C88F80,user_6,ACC-113,168.56,MAD,M-004,Marjane,DEV-1,192.168.1.6,2024-01-01T00:01:09,COMPLETED,0
TX2-3E7646A8,user_15,ACC-124,614.87,MAD,M-004,Marjane,DEV-5,192.168.1.9,2024-01-01T00:02:32,COMPLETED,0
TX2-C9A58414,user_18,ACC-106,1.0,MAD,M-002,Netflix,DEV-5,192.168.1.1,2024-01-01T00:02:47,COMPLETED,0
TX2-81044E4A,user_11,ACC-101,18.61,MAD,M-002,Netflix,DEV-5,192.168.1.7,2024-01-01T00:03:42,COMPLETED,0
TX2-E8AC8D42,user_13,ACC-117,32.51,MAD,M-004,Marjane,DEV-6,192.168.1.7,2024-01-01T00:00:42,COMPLETED,0
TX2-9260580E,user_2,ACC-127,170.43,MAD,M-001,Amazon,DEV-7,192.168.1.2,2024-01-01T00:02:27,COMPLETED,0
TX2-A3608C93,user_18,ACC-129,9.99,MAD,M-004,Marjane,DEV-5,192.168.1.8,2024-01-01T00:04:19,COMPLETED,0
TX2-A844185B,user_7,ACC-117,10.0,MAD,M-001,Amazon,DEV-7,192.168.1.3,2024-01-01T00:04:08,COMPLETED,0
TX2-83AA2357,user_5,ACC-102,999.9,MAD,M-003,Jumia,DEV-1,192.168.1.3,2024-01-01T09:22:36,COMPLETED,1
TX2-CACFCF7A,user_18,ACC-124,8.99,MAD,M-005,Casino,DEV-6,192.168.1.2,2024-01-01T00:04:39,COMPLETED,0
TX2-DBD3648F,user_2,ACC-114,28.28,MAD,M-003,Jumia,DEV-3,192.168.1.6,2024-01-01T00:01:07,COMPLETED,0
TX2-8D562BAC,user_14,ACC-119,10.27,MAD,M-004,Marjane,DEV-1,192.168.1.8,2024-01-01T00:03:26,COMPLETED,0
TX2-5E75F3FF,user_7,ACC-123,29.95,MAD,M-005,Casino,DEV-7,192.168.1.2,2024-01-01T00:03:47,COMPLETED,0
TX2-9459AA80,user_2,ACC-119,39.94,MAD,M-005,Casino,DEV-2,192.168.1.7,2024-01-01T00:03:24,COMPLETED,0
TX2-5BCCE3BC,user_16,ACC-105,17.8,MAD,M-002,Netflix,DEV-3,192.168.1.9,2024-01-01T00:01:37,COMPLETED,0
TX2-F54FCC44,user_2,ACC-100,10.0,MAD,M-003,Jumia,DEV-3,192.168.1.1,2024-01-01T07:13:49,COMPLETED,1
TX2-69C11E00,user_2,ACC-127,30.9,MAD,M-005,Casino,DEV-4,192.168.1.1,2024-01-01T00:01:28,COMPLETED,0
TX2-36B40123,user_1,ACC-119,54.99,MAD,M-005,Casino,DEV-1,192.168.1.9,2024-01-01T00:01:04,COMPLETED,0
TX2-D7AB866E,user_7,ACC-100,6.74,MAD,M-005,Casino,DEV-3,192.168.1.8,2024-01-01T00:02:25,COMPLETED,0
TX2-20AC7D0B,user_4,ACC-130,9.99,MAD,M-005,Casino,DEV-3,192.168.1.5,2024-01-01T00:02:22,COMPLETED,0
TX2-2320CC14,user_13,ACC-129,196.7,MAD,M-005,Casino,DEV-6,192.168.1.8,2024-01-01T00:03:20,COMPLETED,0
TX2-D5CEEF87,user_4,ACC-110,8.97,MAD,M-003,Jumia,DEV-6,192.168.1.3,2024-01-01T00:03:29,COMPLETED,0
TX2-FE05F75E,user_12,ACC-102,1.0,MAD,M-002,Netflix,DEV-6,192.168.1.4,2024-01-01T00:03:38,COMPLETED,0
TX2-68493D86,user_2,ACC-100,10.0,MAD,M-003,Jumia,DEV-3,192.168.1.3,2024-01-01T04:23:34,COMPLETED,1
TX2-E908A5B2,user_6,ACC-105,4.68,MAD,M-003,Jumia,DEV-4,192.168.1.9,2024-01-01T00:01:18,COMPLETED,0
TX2-2DEB739F,user_6,ACC-125,7.81,MAD,M-004,Marjane,DEV-5,192.168.1.4,2024-01-01T00:03:42,COMPLETED,0
TX2-549FFD3B,user_8,ACC-125,8.09,MAD,M-004,Marjane,DEV-4,192.168.1.2,2024-01-01T00:03:08,COMPLETED,0
TX2-DF02072A,user_10,ACC-116,2.28,MAD,M-004,Marjane,DEV-2,192.168.1.5,2024-01-01T00:01:35,COMPLETED,0
TX2-008676B1,user_13,ACC-110,1.0,MAD,M-001,Amazon,DEV-5,192.168.1.8,2024-01-01T00:01:47,COMPLETED,0
TX2-797A3361,user_1,ACC-102,10.0,MAD,M-001,Amazon,DEV-2,192.168.1.1,2024-01-01T06:07:52,COMPLETED,1
TX2-4D3B05B0,user_9,ACC-108,937.69,MAD,M-004,Marjane,DEV-2,192.168.1.8,2024-01-01T00:01:52,COMPLETED,0
TX2-F8AAFC7D,user_4,ACC-108,0.0,MAD,M-005,Casino,DEV-1,192.168.1.2,2024-01-01T13:04:46,COMPLETED,1
TX2-68A329E9,user_1,ACC-108,6.8,MAD,M-001,Amazon,DEV-3,192.168.1.1,2024-01-01T11:12:11,COMPLETED,1
TX2-D9480B62,user_4,ACC-102,37.9,MAD,M-002,Netflix,DEV-1,192.168.1.2,2024-01-01T06:46:27,COMPLETED,1
TX2-89BE7DF3,user_1,ACC-107,10.0,MAD,M-003,Jumia,DEV-2,192.168.1.2,2024-01-01T08:48:51,COMPLETED,1
TX2-DE6A269E,user_8,ACC-107,26.98,MAD,M-001,Amazon,DEV-3,192.168.1.4,2024-01-01T00:03:51,COMPLETED,0
TX2-5FF05907,user_18,ACC-103,10.0,MAD,M-005,Casino,DEV-7,192.168.1.4,2024-01-01T00:02:11,COMPLETED,0
TX2-60FED655,user_14,ACC-105,302.1,MAD,M-002,Netflix,DEV-1,192.168.1.6,2024-01-01T00:04:44,COMPLETED,0
TX2-A50BC966,user_13,ACC-126,6.51,MAD,M-002,Netflix,DEV-2,192.168.1.9,2024-01-01T00:04:33,COMPLETED,0
TX2-FD2B3A6A,user_19,ACC-129,1.18,MAD,M-001,Amazon,DEV-4,192.168.1.1,2024-01-01T00:01:14,COMPLETED,0
TX2-7EA1EDDA,user_10,ACC-101,12.99,MAD,M-002,Netflix,DEV-3,192.168.1.2,2024-01-01T00:00:23,COMPLETED,0
TX2-7AC88F5E,user_1,ACC-101,93.2,MAD,M-004,Marjane,DEV-5,192.168.1.4,2024-01-01T00:00:07,COMPLETED,0
TX2-9F5CCB3C,user_1,ACC-114,67.97,MAD,M-003,Jumia,DEV-4,192.168.1.3,2024-01-01T00:00:46,COMPLETED,0
TX2-AB9E21A8,user_5,ACC-130,19.29,MAD,M-001,Amazon,DEV-6,192.168.1.5,2024-01-01T00:04:39,COMPLETED,0
TX2-0EBEE7AE,user_16,ACC-102,18.0,MAD,M-004,Marjane,DEV-3,192.168.1.6,2024-01-01T00:04:33,COMPLETED,0
TX2-C3948462,user_3,ACC-101,1.98,MAD,M-005,Casino,DEV-4,192.168.1.1,2024-01-01T00:04:34,COMPLETED,0
TX2-E1592061,user_7,ACC-113,1.5,MAD,M-005,Casino,DEV-6,192.168.1.7,2024-01-01T00:04:06,COMPLETED,0
TX2-CEF6D385,user_8,ACC-103,18.94,MAD,M-002,Netflix,DEV-2,192.168.1.4,2024-01-01T00:04:07,COMPLETED,0
TX2-D51E5E96,user_12,ACC-112,34.09,MAD,M-002,Netflix,DEV-4,192.168.1.5,2024-01-01T00:00:17,COMPLETED,0
TX2-01067A77,user_11,ACC-118,169.05,MAD,M-004,Marjane,DEV-3,192.168.1.9,2024-01-01T00:00:41,COMPLETED,0
TX2-3EA6B4B3,user_3,ACC-109,6.8,MAD,M-001,Amazon,DEV-2,192.168.1.1,2024-01-01T11:12:06,COMPLETED,1
TX2-F25E1031,user_3,ACC-105,1.98,MAD,M-005,Casino,DEV-4,192.168.1.4,2024-01-01T00:00:51,COMPLETED,0
TX2-39C23BB7,user_3,ACC-101,2399.3,MAD,M-003,Jumia,DEV-3,192.168.1.2,2024-01-01T03:14:22,COMPLETED,1
TX2-A04CE599,user_20,ACC-119,1.98,MAD,M-004,Marjane,DEV-7,192.168.1.4,2024-01-01T00:04:06,COMPLETED,0
TX2-A5062A43,user_3,ACC-100,10.0,MAD,M-003,Jumia,DEV-1,192.168.1.1,2024-01-01T06:09:00,COMPLETED,1
TX2-946B70C4,user_4,ACC-110,0.0,MAD,M-002,Netflix,DEV-2,192.168.1.1,2024-01-01T05:21:33,COMPLETED,1
TX2-A66AFA13,user_6,ACC-120,10.84,MAD,M-003,Jumia,DEV-3,192.168.1.9,2024-01-01T00:00:56,COMPLETED,0
TX2-E091B644,user_1,ACC-108,10.0,MAD,M-002,Netflix,DEV-2,192.168.1.2,2024-01-01T11:58:19,COMPLETED,1
TX2-12C6CEAA,user_18,ACC-106,31.17,MAD,M-005,Casino,DEV-3,192.168.1.9,2024-01-01T00:01:53,COMPLETED,0
TX2-71BC2E07,user_4,ACC-105,10.0,MAD,M-002,Netflix,DEV-3,192.168.1.3,2024-01-01T07:55:52,COMPLETED,1
TX2-77D1665F,user_8,ACC-112,39.95,MAD,M-005,Casino,DEV-3,192.168.1.2,2024-01-01T00:01:20,COMPLETED,0
TX2-22BA9E3C,user_2,ACC-116,1.18,MAD,M-004,Marjane,DEV-6,192.168.1.4,2024-01-01T00:01:14,COMPLETED,0
TX2-F1C61251,user_1,ACC-104,70.0,MAD,M-003,Jumia,DEV-5,192.168.1.4,2024-01-01T00:03:31,COMPLETED,0
TX2-A8DCE2E1,user_19,ACC-108,32.51,MAD,M-001,Amazon,DEV-4,192.168.1.2,2024-01-01T00:01:20,COMPLETED,0
TX2-8FDC5580,user_9,ACC-115,1.98,MAD,M-001,Amazon,DEV-6,192.168.1.2,2024-01-01T00:03:04,COMPLETED,0
TX2-6D6EEA3D,user_4,ACC-107,32.51,MAD,M-003,Jumia,DEV-2,192.168.1.2,2024-01-01T00:04:33,COMPLETED,0
TX2-C0E26A6E,user_1,ACC-106,10.0,MAD,M-003,Jumia,DEV-1,192.168.1.2,2024-01-01T08:11:30,COMPLETED,1
TX2-85727B10,user_2,ACC-109,10.0,MAD,M-004,Marjane,DEV-1,192.168.1.3,2024-01-01T06:05:19,COMPLETED,1
TX2-EAEB3118,user_10,ACC-100,1.98,MAD,M-003,Jumia,DEV-5,192.168.1.6,2024-01-01T00:01:31,COMPLETED,0
TX2-2C162DD3,user_2,ACC-108,10.0,MAD,M-001,Amazon,DEV-3,192.168.1.2,2024-01-01T06:05:31,COMPLETED,1
TX2-84AE6662,user_1,ACC-101,10.0,MAD,M-004,Marjane,DEV-3,192.168.1.2,2024-01-01T07:04:52,COMPLETED,1
TX2-03BBEF6A,user_9,ACC-127,27.99,MAD,M-004,Marjane,DEV-6,192.168.1.7,2024-01-01T00:02:59,COMPLETED,0
TX2-2C0F324E,user_12,ACC-115,25.0,MAD,M-005,Casino,DEV-6,192.168.1.9,2024-01-01T00:03:55,COMPLETED,0
TX2-2784C414,user_18,ACC-112,4.57,MAD,M-004,Marjane,DEV-2,192.168.1.7,2024-01-01T00:02:15,COMPLETED,0
TX2-BA5EC1B4,user_10,ACC-130,45.71,MAD,M-005,Casino,DEV-1,192.168.1.1,2024-01-01T00:00:44,COMPLETED,0
TX2-42134EB3,user_10,ACC-121,29.99,MAD,M-005,Casino,DEV-1,192.168.1.9,2024-01-01T00:02:01,COMPLETED,0
TX2-E69CD4E9,user_20,ACC-130,9.99,MAD,M-005,Casino,DEV-4,192.168.1.4,2024-01-01T00:03:19,COMPLETED,0
TX2-62DD1205,user_19,ACC-106,6.47,MAD,M-001,Amazon,DEV-5,192.168.1.2,2024-01-01T00:03:01,COMPLETED,0
TX2-697C70E7,user_18,ACC-114,7.99,MAD,M-003,Jumia,DEV-2,192.168.1.9,2024-01-01T00:00:36,COMPLETED,0
TX2-C989A5EC,user_2,ACC-101,31.2,MAD,M-005,Casino,DEV-3,192.168.1.1,2024-01-01T08:58:15,COMPLETED,1
TX2-7D34ED96,user_1,ACC-124,99.0,MAD,M-004,Marjane,DEV-1,192.168.1.4,2024-01-01T00:04:20,COMPLETED,0
TX2-E5CCA7B6,user_5,ACC-121,26.43,MAD,M-001,Amazon,DEV-6,192.168.1.7,2024-01-01T00:00:22,COMPLETED,0
TX2-C9F41FAE,user_16,ACC-126,42.81,MAD,M-003,Jumia,DEV-6,192.168.1.9,2024-01-01T00:03:54,COMPLETED,0
TX2-DD5809AC,user_3,ACC-102,380.95,MAD,M-001,Amazon,DEV-2,192.168.1.8,2024-01-01T00:04:48,COMPLETED,0
TX2-FA10AAAB,user_17,ACC-119,13.79,MAD,M-002,Netflix,DEV-7,192.168.1.9,2024-01-01T00:04:18,COMPLETED,0
TX2-464E8CAA,user_2,ACC-110,10.0,MAD,M-004,Marjane,DEV-3,192.168.1.3,2024-01-01T06:06:50,COMPLETED,1
TX2-F70CBF2F,user_13,ACC-114,2.29,MAD,M-005,Casino,DEV-5,192.168.1.9,2024-01-01T00:02:52,COMPLETED,0
TX2-ACEEC1C1,user_7,ACC-112,1.77,MAD,M-002,Netflix,DEV-5,192.168.1.6,2024-01-01T00:00:26,COMPLETED,0
TX2-43998DF1,user_14,ACC-102,1.98,MAD,M-003,Jumia,DEV-2,192.168.1.5,2024-01-01T00:03:51,COMPLETED,0
TX2-8FEF63AD,user_2,ACC-103,10.0,MAD,M-004,Marjane,DEV-3,192.168.1.1,2024-01-01T05:05:43,COMPLETED,1
TX2-C5C23570,user_12,ACC-115,0.89,MAD,M-005,Casino,DEV-7,192.168.1.2,2024-01-01T00:02:30,COMPLETED,0
TX2-EA05BAAA,user_4,ACC-107,1253.0,MAD,M-002,Netflix,DEV-2,192.168.1.2,2024-01-01T13:38:04,COMPLETED,1
TX2-4B25D0C9,user_20,ACC-105,65.0,MAD,M-003,Jumia,DEV-2,192.168.1.2,2024-01-01T00:02:20,COMPLETED,0
TX2-DC2A4C0F,user_18,ACC-108,2.0,MAD,M-003,Jumia,DEV-1,192.168.1.9,2024-01-01T00:04:42,COMPLETED,0
TX2-F3C4A930,user_7,ACC-130,0.99,MAD,M-002,Netflix,DEV-7,192.168.1.8,2024-01-01T00:03:56,COMPLETED,0
TX2-2BA0DA2A,user_17,ACC-112,80.0,MAD,M-001,Amazon,DEV-6,192.168.1.3,2024-01-01T00:01:19,COMPLETED,0
TX2-86B85DC5,user_3,ACC-104,10.0,MAD,M-004,Marjane,DEV-3,192.168.1.2,2024-01-01T07:38:52,COMPLETED,1
TX2-2144F5C2,user_15,ACC-110,70.6,MAD,M-005,Casino,DEV-7,192.168.1.6,2024-01-01T00:01:13,COMPLETED,0
TX2-9318454C,user_7,ACC-108,10.0,MAD,M-004,Marjane,DEV-1,192.168.1.4,2024-01-01T00:03:59,COMPLETED,0
TX2-BB9D2EB3,user_12,ACC-126,7.89,MAD,M-003,Jumia,DEV-4,192.168.1.3,2024-01-01T00:04:44,COMPLETED,0
TX2-995C0F77,user_20,ACC-114,22.0,MAD,M-001,Amazon,DEV-1,192.168.1.4,2024-01-01T00:02:42,COMPLETED,0
TX2-AE9EED43,user_14,ACC-104,243.66,MAD,M-005,Casino,DEV-3,192.168.1.9,2024-01-01T00:00:42,COMPLETED,0
TX2-96E45FC3,user_16,ACC-120,50.0,MAD,M-003,Jumia,DEV-6,192.168.1.6,2024-01-01T00:01:16,COMPLETED,0
TX2-9595A9D2,user_18,ACC-129,100.37,MAD,M-005,Casino,DEV-5,192.168.1.6,2024-01-01T00:04:04,COMPLETED,0
TX2-17348191,user_3,ACC-104,7.6,MAD,M-002,Netflix,DEV-1,192.168.1.1,2024-01-01T11:53:05,COMPLETED,1
TX2-FD7A64BC,user_14,ACC-110,42.9,MAD,M-001,Amazon,DEV-5,192.168.1.6,2024-01-01T00:02:48,COMPLETED,0
TX2-D89B96F9,user_7,ACC-122,257.3,MAD,M-004,Marjane,DEV-5,192.168.1.9,2024-01-01T00:02:20,COMPLETED,0
TX2-3FC621D2,user_5,ACC-114,13.99,MAD,M-001,Amazon,DEV-5,192.168.1.7,2024-01-01T00:03:29,COMPLETED,0
TX2-89E952B3,user_10,ACC-122,24.0,MAD,M-004,Marjane,DEV-5,192.168.1.4,2024-01-01T00:03:37,COMPLETED,0
TX2-00451087,user_12,ACC-129,6.54,MAD,M-002,Netflix,DEV-4,192.168.1.2,2024-01-01T00:04:28,COMPLETED,0
TX2-8E7BD6D0,user_16,ACC-101,1.0,MAD,M-003,Jumia,DEV-4,192.168.1.2,2024-01-01T00:03:47,COMPLETED,0
TX2-13DF361A,user_9,ACC-106,9.9,MAD,M-002,Netflix,DEV-7,192.168.1.6,2024-01-01T00:02:25,COMPLETED,0
TX2-36A78963,user_10,ACC-120,322.44,MAD,M-002,Netflix,DEV-5,192.168.1.8,2024-01-01T00:01:33,COMPLETED,0
TX2-55C16865,user_5,ACC-115,1.98,MAD,M-001,Amazon,DEV-2,192.168.1.1,2024-01-01T00:02:34,COMPLETED,0
TX2-5475901B,user_9,ACC-128,1.0,MAD,M-001,Amazon,DEV-6,192.168.1.9,2024-01-01T00:01:13,COMPLETED,0
TX2-AA32F683,user_13,ACC-121,9.99,MAD,M-003,Jumia,DEV-1,192.168.1.5,2024-01-01T00:01:51,COMPLETED,0
TX2-8E7CF83C,user_7,ACC-106,169.0,MAD,M-003,Jumia,DEV-5,192.168.1.1,2024-01-01T00:02:20,COMPLETED,0
TX2-B658E229,user_9,ACC-116,160.86,MAD,M-003,Jumia,DEV-5,192.168.1.6,2024-01-01T00:02:03,COMPLETED,0
TX2-4779C97D,user_11,ACC-124,11.64,MAD,M-002,Netflix,DEV-2,192.168.1.6,2024-01-01T00:04:42,COMPLETED,0
TX2-B9AAD202,user_6,ACC-106,8.99,MAD,M-001,Amazon,DEV-6,192.168.1.2,2024-01-01T00:04:45,COMPLETED,0
TX2-359FA663,user_19,ACC-111,20.0,MAD,M-001,Amazon,DEV-4,192.168.1.8,2024-01-01T00:02:40,COMPLETED,0
TX2-FAFCB623,user_7,ACC-107,13.18,MAD,M-003,Jumia,DEV-1,192.168.1.7,2024-01-01T00:00:49,COMPLETED,0
TX2-75CD5FE7,user_8,ACC-101,4.38,MAD,M-001,Amazon,DEV-6,192.168.1.7,2024-01-01T00:03:33,COMPLETED,0
TX2-ADFB2978,user_20,ACC-115,7.14,MAD,M-005,Casino,DEV-1,192.168.1.6,2024-01-01T00:03:56,COMPLETED,0
TX2-6CC94651,user_11,ACC-118,14.8,MAD,M-003,Jumia,DEV-7,192.168.1.4,2024-01-01T00:00:50,COMPLETED,0
TX2-1C17C370,user_9,ACC-113,6.45,MAD,M-002,Netflix,DEV-3,192.168.1.5,2024-01-01T00:02:35,COMPLETED,0
TX2-410A8D3A,user_20,ACC-108,19.77,MAD,M-002,Netflix,DEV-2,192.168.1.6,2024-01-01T00:01:13,COMPLETED,0
TX2-25C2D80E,user_1,ACC-103,999.9,MAD,M-005,Casino,DEV-3,192.168.1.3,2024-01-01T10:23:05,COMPLETED,1
TX2-5A8A03E9,user_1,ACC-103,20.53,MAD,M-003,Jumia,DEV-3,192.168.1.3,2024-01-01T00:00:29,COMPLETED,0
TX2-685CFF78,user_7,ACC-105,2.35,MAD,M-003,Jumia,DEV-1,192.168.1.4,2024-01-01T00:00:32,COMPLETED,0
TX2-2E3088D0,user_3,ACC-110,1.98,MAD,M-003,Jumia,DEV-3,192.168.1.4,2024-01-01T00:03:04,COMPLETED,0
TX2-32F64304,user_8,ACC-101,9.99,MAD,M-003,Jumia,DEV-4,192.168.1.5,2024-01-01T00:00:10,COMPLETED,0
TX2-78B29B30,user_16,ACC-105,35.11,MAD,M-003,Jumia,DEV-5,192.168.1.9,2024-01-01T00:03:45,COMPLETED,0
TX2-3754B00A,user_7,ACC-118,4.65,MAD,M-002,Netflix,DEV-6,192.168.1.3,2024-01-01T00:03:05,COMPLETED,0
TX2-6F83E87D,user_10,ACC-125,13.28,MAD,M-003,Jumia,DEV-6,192.168.1.9,2024-01-01T00:04:09,COMPLETED,0
TX2-3A62C064,user_20,ACC-130,19.85,MAD,M-003,Jumia,DEV-1,192.168.1.2,2024-01-01T00:01:07,COMPLETED,0
TX2-24F50BCC,user_2,ACC-119,26.5,MAD,M-005,Casino,DEV-1,192.168.1.5,2024-01-01T00:04:20,COMPLETED,0
TX2-413D87D9,user_9,ACC-109,0.75,MAD,M-005,Casino,DEV-2,192.168.1.7,2024-01-01T00:00:44,COMPLETED,0
TX2-2A80E461,user_12,ACC-130,7.69,MAD,M-002,Netflix,DEV-7,192.168.1.5,2024-01-01T00:01:23,COMPLETED,0
TX2-538B7E0E,user_5,ACC-101,999.9,MAD,M-002,Netflix,DEV-2,192.168.1.3,2024-01-01T10:29:21,COMPLETED,1
TX2-786E417D,user_5,ACC-104,10.0,MAD,M-002,Netflix,DEV-3,192.168.1.3,2024-01-01T06:22:08,COMPLETED,1
TX2-E1CB3096,user_13,ACC-106,1.8,MAD,M-001,Amazon,DEV-7,192.168.1.8,2024-01-01T00:00:27,COMPLETED,0
TX2-C9C9BCDE,user_4,ACC-102,9.03,MAD,M-005,Casino,DEV-3,192.168.1.7,2024-01-01T00:04:25,COMPLETED,0
TX2-B4C65DDD,user_2,ACC-106,999.9,MAD,M-005,Casino,DEV-2,192.168.1.2,2024-01-01T08:59:58,COMPLETED,1
TX2-E3C29C1D,user_3,ACC-111,8.95,MAD,M-001,Amazon,DEV-1,192.168.1.6,2024-01-01T00:01:32,COMPLETED,0
TX2-641ABCC0,user_16,ACC-113,14.48,MAD,M-002,Netflix,DEV-7,192.168.1.2,2024-01-01T00:01:11,COMPLETED,0
TX2-5577044B,user_13,ACC-104,22.36,MAD,M-002,Netflix,DEV-2,192.168.1.7,2024-01-01T00:01:08,COMPLETED,0
TX2-3C572EE5,user_7,ACC-113,5.99,MAD,M-002,Netflix,DEV-6,192.168.1.9,2024-01-01T00:03:14,COMPLETED,0
TX2-A0E12004,user_10,ACC-122,45.3,MAD,M-004,Marjane,DEV-3,192.168.1.4,2024-01-01T00:03:48,COMPLETED,0
TX2-3198C36F,user_15,ACC-130,10.0,MAD,M-003,Jumia,DEV-4,192.168.1.6,2024-01-01T00:02:08,COMPLETED,0
TX2-AD576C99,user_20,ACC-103,15.99,MAD,M-003,Jumia,DEV-3,192.168.1.6,2024-01-01T00:01:08,COMPLETED,0
TX2-BEB0A578,user_8,ACC-121,69.99,MAD,M-001,Amazon,DEV-3,192.168.1.6,2024-01-01T00:00:02,COMPLETED,0
TX2-9AD6F6D0,user_10,ACC-125,24.84,MAD,M-004,Marjane,DEV-6,192.168.1.4,2024-01-01T00:04:25,COMPLETED,0
TX2-35918CC3,user_4,ACC-107,10.0,MAD,M-005,Casino,DEV-1,192.168.1.2,2024-01-01T06:20:51,COMPLETED,1
TX2-795D94F6,user_2,ACC-127,54.99,MAD,M-002,Netflix,DEV-2,192.168.1.1,2024-01-01T00:01:52,COMPLETED,0
TX2-C43E5CB7,user_18,ACC-118,30.49,MAD,M-003,Jumia,DEV-4,192.168.1.3,2024-01-01T00:00:27,COMPLETED,0
TX2-18B54853,user_2,ACC-106,10.0,MAD,M-003,Jumia,DEV-2,192.168.1.3,2024-01-01T06:05:26,COMPLETED,1
TX2-FDD7B7A0,user_11,ACC-106,20.22,MAD,M-004,Marjane,DEV-7,192.168.1.2,2024-01-01T00:00:35,COMPLETED,0
TX2-05206624,user_10,ACC-118,1.46,MAD,M-001,Amazon,DEV-3,192.168.1.3,2024-01-01T00:00:52,COMPLETED,0
TX2-B41C8730,user_14,ACC-117,55.45,MAD,M-005,Casino,DEV-7,192.168.1.7,2024-01-01T00:04:19,COMPLETED,0
TX2-395A1475,user_4,ACC-103,1887.8,MAD,M-005,Casino,DEV-2,192.168.1.2,2024-01-01T09:11:15,COMPLETED,1
TX2-7A30EC4A,user_12,ACC-106,43.71,MAD,M-003,Jumia,DEV-7,192.168.1.8,2024-01-01T00:02:05,COMPLETED,0
TX2-60E03F1C,user_15,ACC-124,79.0,MAD,M-005,Casino,DEV-4,192.168.1.1,2024-01-01T00:03:20,COMPLETED,0
TX2-DE33632D,user_6,ACC-129,3.87,MAD,M-004,Marjane,DEV-5,192.168.1.7,2024-01-01T00:02:12,COMPLETED,0
TX2-DFD26A55,user_7,ACC-127,459.39,MAD,M-001,Amazon,DEV-4,192.168.1.4,2024-01-01T00:01:29,COMPLETED,0
TX2-2ED714A8,user_15,ACC-115,23.32,MAD,M-001,Amazon,DEV-3,192.168.1.9,2024-01-01T00:03:07,COMPLETED,0
TX2-5D09596C,user_20,ACC-126,552.18,MAD,M-004,Marjane,DEV-1,192.168.1.2,2024-01-01T00:01:23,COMPLETED,0
TX2-A783915C,user_17,ACC-126,21.34,MAD,M-001,Amazon,DEV-3,192.168.1.4,2024-01-01T00:00:34,COMPLETED,0
TX2-6DEF927E,user_1,ACC-107,10.0,MAD,M-004,Marjane,DEV-3,192.168.1.2,2024-01-01T06:25:57,COMPLETED,1
TX2-98D7097C,user_9,ACC-130,37.2,MAD,M-005,Casino,DEV-5,192.168.1.8,2024-01-01T00:03:13,COMPLETED,0
TX2-52BB0D01,user_10,ACC-104,4.99,MAD,M-003,Jumia,DEV-1,192.168.1.3,2024-01-01T00:00:04,COMPLETED,0
TX2-57B39044,user_2,ACC-101,303.9,MAD,M-002,Netflix,DEV-1,192.168.1.1,2024-01-01T06:21:35,COMPLETED,1
TX2-DAA7D5B7,user_3,ACC-109,6.67,MAD,M-005,Casino,DEV-4,192.168.1.5,2024-01-01T00:00:52,COMPLETED,0
TX2-A3674BDF,user_1,ACC-105,2.98,MAD,M-003,Jumia,DEV-4,192.168.1.1,2024-01-01T00:04:06,COMPLETED,0
TX2-D5447CE1,user_12,ACC-117,231.71,MAD,M-002,Netflix,DEV-4,192.168.1.4,2024-01-01T00:04:12,COMPLETED,0
TX2-8237A39E,user_12,ACC-123,95.56,MAD,M-003,Jumia,DEV-7,192.168.1.5,2024-01-01T00:03:29,COMPLETED,0
TX2-2E6DA660,user_9,ACC-107,12.99,MAD,M-004,Marjane,DEV-5,192.168.1.3,2024-01-01T00:03:35,COMPLETED,0
TX2-3D35A65D,user_19,ACC-118,11.99,MAD,M-002,Netflix,DEV-5,192.168.1.2,2024-01-01T00:04:44,COMPLETED,0
TX2-3C0F6663,user_5,ACC-109,7663.6,MAD,M-002,Netflix,DEV-1,192.168.1.2,2024-01-01T06:57:18,COMPLETED,1
TX2-E0A29ADA,user_4,ACC-101,999.9,MAD,M-005,Casino,DEV-3,192.168.1.2,2024-01-01T09:34:12,COMPLETED,1
TX2-92BAE9FB,user_3,ACC-106,10.0,MAD,M-003,Jumia,DEV-3,192.168.1.3,2024-01-01T08:56:59,COMPLETED,1
TX2-02CEBAE2,user_1,ACC-109,6.14,MAD,M-003,Jumia,DEV-6,192.168.1.2,2024-01-01T00:00:26,COMPLETED,0
TX2-EC6BE1CF,user_18,ACC-124,79.0,MAD,M-004,Marjane,DEV-3,192.168.1.9,2024-01-01T00:01:22,COMPLETED,0
TX2-9DBBF728,user_11,ACC-104,23.88,MAD,M-003,Jumia,DEV-1,192.168.1.8,2024-01-01T00:01:54,COMPLETED,0
TX2-2E5378F7,user_20,ACC-113,13.08,MAD,M-003,Jumia,DEV-2,192.168.1.6,2024-01-01T00:04:25,COMPLETED,0
TX2-9C4584A0,user_3,ACC-108,999.9,MAD,M-005,Casino,DEV-2,192.168.1.1,2024-01-01T09:00:31,COMPLETED,1
TX2-1CF7981E,user_2,ACC-129,0.99,MAD,M-003,Jumia,DEV-1,192.168.1.4,2024-01-01T00:02:44,COMPLETED,0
TX2-18357188,user_1,ACC-105,12188.9,MAD,M-003,Jumia,DEV-1,192.168.1.3,2024-01-01T09:01:28,COMPLETED,1
TX2-2B7D9427,user_11,ACC-107,21.76,MAD,M-003,Jumia,DEV-7,192.168.1.2,2024-01-01T00:00:38,COMPLETED,0
TX2-C3C9E63B,user_18,ACC-126,9.9,MAD,M-002,Netflix,DEV-5,192.168.1.6,2024-01-01T00:02:21,COMPLETED,0
TX2-C7AE8E45,user_15,ACC-125,13.53,MAD,M-005,Casino,DEV-3,192.168.1.8,2024-01-01T00:04:16,COMPLETED,0
TX2-A748E72B,user_2,ACC-110,999.9,MAD,M-004,Marjane,DEV-3,192.168.1.3,2024-01-01T09:22:03,COMPLETED,1
TX2-3A268647,user_3,ACC-120,17.56,MAD,M-003,Jumia,DEV-2,192.168.1.4,2024-01-01T00:03:38,COMPLETED,0
TX2-3A71851D,user_6,ACC-130,49.99,MAD,M-005,Casino,DEV-6,192.168.1.1,2024-01-01T00:03:42,COMPLETED,0
TX2-E2D2030E,user_4,ACC-110,68.74,MAD,M-002,Netflix,DEV-3,192.168.1.3,2024-01-01T00:01:21,COMPLETED,0
TX2-6E56273F,user_2,ACC-109,10.0,MAD,M-003,Jumia,DEV-1,192.168.1.2,2024-01-01T06:38:46,COMPLETED,1
TX2-18FDDB21,user_7,ACC-120,99.95,MAD,M-001,Amazon,DEV-6,192.168.1.8,2024-01-01T00:03:10,COMPLETED,0
TX2-60CE3488,user_15,ACC-123,12.99,MAD,M-003,Jumia,DEV-7,192.168.1.6,2024-01-01T00:00:12,COMPLETED,0
TX2-954EBFDB,user_4,ACC-126,24.0,MAD,M-004,Marjane,DEV-1,192.168.1.2,2024-01-01T00:04:11,COMPLETED,0
TX2-9767621D,user_6,ACC-119,2.69,MAD,M-005,Casino,DEV-1,192.168.1.1,2024-01-01T00:00:00,COMPLETED,0
TX2-DB873752,user_2,ACC-106,1.98,MAD,M-003,Jumia,DEV-4,192.168.1.9,2024-01-01T00:03:24,COMPLETED,0
TX2-313C8516,user_1,ACC-119,2.69,MAD,M-005,Casino,DEV-2,192.168.1.8,2024-01-01T00:04:38,COMPLETED,0
TX2-D6966EC7,user_12,ACC-117,182.95,MAD,M-005,Casino,DEV-5,192.168.1.6,2024-01-01T00:01:40,COMPLETED,0
TX2-4F562ADC,user_4,ACC-103,10.0,MAD,M-003,Jumia,DEV-2,192.168.1.1,2024-01-01T05:05:35,COMPLETED,1
TX2-55466304,user_1,ACC-121,62.92,MAD,M-004,Marjane,DEV-3,192.168.1.1,2024-01-01T00:01:18,COMPLETED,0
TX2-CFDF3924,user_2,ACC-110,3.68,MAD,M-004,Marjane,DEV-5,192.168.1.5,2024-01-01T00:00:09,COMPLETED,0
TX2-0D2A9C24,user_12,ACC-128,12.2,MAD,M-004,Marjane,DEV-6,192.168.1.6,2024-01-01T00:04:01,COMPLETED,0
TX2-C66E4E1E,user_7,ACC-121,700.0,MAD,M-004,Marjane,DEV-5,192.168.1.5,2024-01-01T00:02:40,COMPLETED,0
TX2-7EFE24FB,user_2,ACC-111,0.89,MAD,M-002,Netflix,DEV-7,192.168.1.9,2024-01-01T00:02:51,COMPLETED,0
TX2-67C74A13,user_14,ACC-103,153.91,MAD,M-003,Jumia,DEV-6,192.168.1.3,2024-01-01T00:03:26,COMPLETED,0
TX2-51CACD49,user_3,ACC-129,6.0,MAD,M-003,Jumia,DEV-2,192.168.1.5,2024-01-01T00:02:25,COMPLETED,0
TX2-EBC96B8B,user_10,ACC-125,2.09,MAD,M-001,Amazon,DEV-5,192.168.1.3,2024-01-01T00:00:36,COMPLETED,0
TX2-CDB68ED2,user_11,ACC-118,4.19,MAD,M-002,Netflix,DEV-4,192.168.1.4,2024-01-01T00:01:43,COMPLETED,0
TX2-8D224746,user_3,ACC-106,10.0,MAD,M-001,Amazon,DEV-1,192.168.1.3,2024-01-01T06:29:57,COMPLETED,1
TX2-111EFD52,user_4,ACC-100,37.9,MAD,M-005,Casino,DEV-2,192.168.1.1,2024-01-01T06:47:00,COMPLETED,1
TX2-9B0B5B13,user_6,ACC-112,96.94,MAD,M-003,Jumia,DEV-5,192.168.1.7,2024-01-01T00:00:41,COMPLETED,0
TX2-88412F96,user_15,ACC-130,23.57,MAD,M-002,Netflix,DEV-4,192.168.1.7,2024-01-01T00:02:15,COMPLETED,0
TX2-7B6149AB,user_12,ACC-114,148.43,MAD,M-001,Amazon,DEV-6,192.168.1.5,2024-01-01T00:01:48,COMPLETED,0
TX2-0DEF4B3E,user_1,ACC-106,10.0,MAD,M-004,Marjane,DEV-1,192.168.1.3,2024-01-01T05:11:31,COMPLETED,1
TX2-D288C2AD,user_15,ACC-126,10.62,MAD,M-005,Casino,DEV-1,192.168.1.5,2024-01-01T00:04:01,COMPLETED,0
TX2-B7378F53,user_20,ACC-129,6.45,MAD,M-002,Netflix,DEV-7,192.168.1.2,2024-01-01T00:03:19,COMPLETED,0
TX2-FF60921A,user_9,ACC-120,33.0,MAD,M-001,Amazon,DEV-1,192.168.1.6,2024-01-01T00:00:23,COMPLETED,0
TX2-9E0041BA,user_20,ACC-118,1.29,MAD,M-002,Netflix,DEV-3,192.168.1.8,2024-01-01T00:02:20,COMPLETED,0
TX2-C3FF082F,user_13,ACC-104,20.0,MAD,M-002,Netflix,DEV-3,192.168.1.5,2024-01-01T00:03:10,COMPLETED,0
TX2-F6162A5F,user_3,ACC-106,29.89,MAD,M-003,Jumia,DEV-2,192.168.1.3,2024-01-01T00:00:32,COMPLETED,0
TX2-1E752498,user_15,ACC-103,9.99,MAD,M-004,Marjane,DEV-4,192.168.1.4,2024-01-01T00:03:57,COMPLETED,0
TX2-72B012E1,user_1,ACC-100,10.0,MAD,M-005,Casino,DEV-3,192.168.1.2,2024-01-01T05:16:09,COMPLETED,1
TX2-85D0713C,user_17,ACC-120,7.21,MAD,M-002,Netflix,DEV-1,192.168.1.9,2024-01-01T00:01:35,COMPLETED,0
TX2-4552B826,user_6,ACC-118,4.49,MAD,M-005,Casino,DEV-4,192.168.1.6,2024-01-01T00:01:54,COMPLETED,0
TX2-504D25BA,user_4,ACC-103,10.0,MAD,M-003,Jumia,DEV-1,192.168.1.1,2024-01-01T07:13:55,COMPLETED,1
TX2-717C2616,user_19,ACC-101,3.67,MAD,M-005,Casino,DEV-4,192.168.1.9,2024-01-01T00:00:02,COMPLETED,0
TX2-4674B53D,user_5,ACC-108,45.0,MAD,M-003,Jumia,DEV-3,192.168.1.1,2024-01-01T00:03:29,COMPLETED,0
TX2-F5BA6040,user_3,ACC-102,10.0,MAD,M-001,Amazon,DEV-1,192.168.1.1,2024-01-01T06:54:33,COMPLETED,1
TX2-BA84B603,user_6,ACC-110,24.57,MAD,M-001,Amazon,DEV-3,192.168.1.3,2024-01-01T00:01:46,COMPLETED,0
TX2-72D2B8FA,user_12,ACC-129,35.97,MAD,M-004,Marjane,DEV-7,192.168.1.9,2024-01-01T00:02:13,COMPLETED,0
TX2-9F51ADC2,user_3,ACC-103,39.95,MAD,M-003,Jumia,DEV-3,192.168.1.2,2024-01-01T00:02:23,COMPLETED,0
TX2-6CE3AA77,user_8,ACC-127,1402.95,MAD,M-005,Casino,DEV-7,192.168.1.5,2024-01-01T00:00:36,COMPLETED,0
TX2-F898599D,user_10,ACC-130,0.76,MAD,M-002,Netflix,DEV-1,192.168.1.7,2024-01-01T00:00:55,COMPLETED,0
TX2-AD711512,user_2,ACC-114,154.4,MAD,M-004,Marjane,DEV-6,192.168.1.5,2024-01-01T00:04:26,COMPLETED,0
TX2-E730A896,user_4,ACC-122,40.8,MAD,M-001,Amazon,DEV-6,192.168.1.6,2024-01-01T00:00:07,COMPLETED,0
TX2-F509D831,user_9,ACC-104,15.36,MAD,M-003,Jumia,DEV-1,192.168.1.5,2024-01-01T00:02:24,COMPLETED,0
TX2-9AAEEF49,user_7,ACC-122,110.4,MAD,M-003,Jumia,DEV-4,192.168.1.9,2024-01-01T00:01:50,COMPLETED,0
TX2-50BC8600,user_18,ACC-101,6.0,MAD,M-002,Netflix,DEV-7,192.168.1.2,2024-01-01T00:02:25,COMPLETED,0
TX2-60A3EDE7,user_13,ACC-116,82.29,MAD,M-001,Amazon,DEV-6,192.168.1.2,2024-01-01T00:03:10,COMPLETED,0
TX2-7B9D5E2C,user_15,ACC-127,18.45,MAD,M-005,Casino,DEV-4,192.168.1.7,2024-01-01T00:04:16,COMPLETED,0
TX2-DB04EEEB,user_16,ACC-104,5.42,MAD,M-004,Marjane,DEV-3,192.168.1.2,2024-01-01T00:02:47,COMPLETED,0
TX2-04172444,user_17,ACC-112,81.13,MAD,M-004,Marjane,DEV-4,192.168.1.7,2024-01-01T00:01:15,COMPLETED,0
